Date,Open,High,Low,Close,Adj Close,Volume
40179,10430.69043,10612.37012,10430.69043,10606.86035,10606.86035,771750000
40186,10606.40039,10723.76953,10554.33008,10710.54981,10710.54981,1014940000
40193,10706.99023,10729.88965,10374.69043,10389.87988,10389.87988,1062640000
40200,10389.58008,10389.58008,10055.08008,10120.45996,10120.45996,1258470000
40207,10122.04004,10314.83984,9998.030273,10002.17969,10002.17969,1255650000
40214,10003.69043,10161.57031,9835.089844,10144.19043,10144.19043,1133870000
40221,10137.23047,10406.58008,9983.820313,10392.90039,10392.90039,909990000
40228,10387.76953,10438.54981,10185.83008,10321.03027,10321.03027,1014930000
40235,10321.41016,10469.54004,10272.29004,10444.13965,10444.13965,1022080000
40242,10445.12988,10612.59961,10445.04981,10611.83984,10611.83984,912480000
40249,10611.76953,10784,10570.50977,10779.16992,10779.16992,901590000
40256,10780,10955.48047,10694.21973,10841.20996,10841.20996,1176430000
40263,10841.29004,10956.38965,10816.42969,10927.07031,10927.07031,817590000
40270,10927.4502,10988.05957,10844.08984,10927.07031,10927.07031,645370000
40277,10926.91992,11154.54981,10926.91992,11144.57031,11144.57031,916210000
40284,11143.66016,11153.79004,10973.91992,11134.29004,11134.29004,1167550000
40291,11132.17969,11258.00977,10965.37988,11167.32031,11167.32031,1093770000
40298,11168.23047,11197.92969,9869.620117,10520.32031,10520.32031,1354030000
40305,10519.41992,10920.26953,10241.23047,10782.9502,10782.9502,1364140000
40312,10780.67969,10780.75,10065.36035,10068.00977,10068.00977,1351470000
40319,10063.92969,10264.2002,9774.480469,10258.99023,10258.99023,1547460000
40326,10258,10315.20996,10013.90039,10255.28027,10255.28027,843340000
40333,10249.61035,10249.69043,9757.549805,10172.53027,10172.53027,1183630000
40340,10166.78027,10441.2002,10082.70996,10434.16992,10434.16992,915750000
40347,10435,10594.16016,10128.84961,10152.79981,10152.79981,1118490000
40354,10153.48047,10202.91016,9621.889648,9732.530273,9732.530273,1387010000
40361,9732.530273,10139.86035,9614.320313,10138.99023,10138.99023,872360000
40368,10138.99023,10407.82031,10118.41016,10359.30957,10359.30957,863870000
40375,10356.2002,10363.24023,10007.75977,10322.29981,10322.29981,1112560000
40382,10321.16016,10584.99023,10287.48047,10467.16016,10467.16016,923550000
40389,10465.19043,10702.99023,10347.5,10674.98047,10674.98047,853650000
40396,10668.54981,10719.94043,10268.70996,10319.9502,10319.9502,965050000
40403,10320.33008,10480.44043,10209.53027,10271.20996,10271.20996,885300000
40410,10270.98047,10304.7002,9937.980469,9985.80957,9985.80957,1008050000
40417,9982.179688,10320.37012,9936.620117,10320.09961,10320.09961,969300000
40424,10321.91992,10476.62012,10321.83984,10415.24023,10415.24023,647990000
40431,10415.00977,10603.69043,10403.16992,10594.83008,10594.83008,861170000
40438,10595.54981,10833.38965,10567.36035,10662.41992,10662.41992,1036510000
40445,10664.38965,10948.87988,10664.30957,10788.04981,10788.04981,863660000
40452,10789.71973,10998.53027,10711.12012,10948.58008,10948.58008,843860000
40459,10948.5,11155.23047,10913.83984,11094.57031,11094.57031,843350000
40466,11096.00977,11213.54004,10917.62012,11146.57031,11146.57031,1155340000
40473,11146.41016,11247.59961,11020.82031,11113.9502,11113.9502,755050000
40480,11120.4502,11440.37012,11062.33008,11434.83984,11434.83984,902430000
40487,11435.21973,11451.53027,11231.21973,11283.09961,11283.09961,978400000
40494,11281.28027,11283.7002,10978.92969,11181.23047,11181.23047,959900000
40501,11180.76953,11206.16992,10992.16992,11187.28027,11187.28027,703350000
40508,11183.5,11373.79981,10929.28027,11362.41016,11362.41016,868310000
40515,11361.87988,11450.88965,11318.82031,11370.05957,11370.05957,767880000
40522,11370.05957,11519.04004,11357.71973,11499.25,11499.25,805580000
40529,11499.01953,11580.83984,11442.67969,11573.49023,11573.49023,825960000
40536,11572.80957,11625,11518.44043,11569.70996,11569.70996,345540000
40543,11569.33008,11742.67969,11530.32031,11697.30957,11697.30957,838450000
40550,11696.86035,11782.23047,11573.87012,11731.90039,11731.90039,803120000
40557,11732.12988,11861.24023,11698.83008,11822.79981,11822.79981,751210000
40564,11822.9502,12020.51953,11822.79981,11989.83008,11989.83008,961520000
40571,11990.36035,12080.54004,11803.04004,12062.25977,12062.25977,888790000
40578,12061.73047,12254.23047,12025.78027,12229.29004,12229.29004,818740000
40585,12227.78027,12331.30957,12180.48047,12318.13965,12318.13965,750350000
40592,12318.66992,12391.29004,11983.16992,12068.5,12068.5,836250000
40599,12060.92969,12283.09961,12018.62988,12258.2002,12258.2002,835450000
40606,12258.87988,12271.37012,11974.38965,11984.61035,11984.61035,810530000
40613,11976.95996,12087.00977,11555.48047,11774.58984,11774.58984,964930000
40620,11777.23047,12191.17969,11777.23047,12170.55957,12170.55957,879650000
40627,12170.70996,12383.45996,12170.70996,12319.73047,12319.73047,708370000
40634,12321.01953,12450.92969,12321.01953,12409.49023,12409.49023,745540000
40641,12409.87012,12450.36035,12163.86035,12285.15039,12285.15039,629650000
40648,12285.4502,12506.05957,12093.88965,12505.99023,12505.99023,945330000
40655,12505.99023,12776.13965,12446.04981,12763.30957,12763.30957,621950000
40662,12763.45996,12876,12521.28027,12584.16992,12584.16992,1091760000
40669,12580.75977,12781.05957,12537.16992,12695.91992,12695.91992,875450000
40676,12695.65039,12714.5,12378.83984,12605.32031,12605.32031,888670000
40683,12604.71973,12604.83008,12309.51953,12402.75977,12402.75977,766440000
40690,12398.05957,12574.29004,12190.54004,12248.54981,12248.54981,673710000
40697,12247.79981,12247.87012,12024.25977,12124.36035,12124.36035,793520000
40704,12124.16992,12124.84961,11862.53027,11961.51953,11961.51953,863300000
40711,11962.66016,12217.33008,11874.94043,12050,12050,948920000
40718,12049.24023,12427.08984,11925.41992,12414.33984,12414.33984,931330000
40725,12414.33984,12753.88965,12404.08008,12719.49023,12719.49023,550940000
40732,12717.90039,12717.90039,12414.41016,12437.12012,12437.12012,707820000
40739,12437.12012,12751.42969,12296.23047,12724.41016,12724.41016,860670000
40746,12724.70996,12740.87012,12226.83008,12240.11035,12240.11035,742140000
40753,12239.36035,12282.41992,11372.13965,11383.67969,11383.67969,1119770000
40760,11383.98047,11555.41016,10604.07031,11143.30957,11143.30957,2107190000
40767,11143.45996,11529.66992,10881.59961,10990.58008,10990.58008,1083750000
40774,10989.75,11406.38965,10801.41016,11149.82031,11149.82031,1289650000
40781,11149.82031,11716.83984,10929.2002,11493.57031,11493.57031,1011890000
40788,11492.05957,11492.13965,10932.53027,11295.80957,11295.80957,731440000
40795,11294.59961,11433.40039,10824.75977,11433.17969,11433.17969,979990000
40802,11433.70996,11550.21973,10597.13965,10733.83008,10733.83008,1268570000
40809,10732.76953,11369.29981,10638.73047,11153.98047,11153.98047,1025210000
40816,11152.32031,11152.38965,10404.49023,11123.33008,11123.33008,1139980000
40823,11123.41016,11625.29981,11051.12988,11478.12988,11478.12988,797830000
40830,11478.96973,11652.74023,11296.12012,11541.78027,11541.78027,811020000
40837,11543.21973,12284.30957,11542.83984,12208.54981,12208.54981,1022690000
40844,12207.33984,12251.91992,11630.03027,12044.46973,12044.46973,880010000
40851,12043.41016,12187.50977,11736.92969,11893.86035,11893.86035,738660000
40858,11896.28027,12179.71973,11676.34961,11770.73047,11770.73047,604690000
40865,11768.98047,11854.80957,11257.54981,11257.54981,11257.54981,652990000
40872,11251.87988,12062.63965,11231.42969,12020.03027,12020.03027,879870000
40879,12022.37012,12257.66992,11966.21973,11997.7002,11997.7002,784180000
40886,11996.03027,12212.83008,11786.46973,11868.80957,11868.80957,773380000
40893,11870.25,12182.70996,11735.19043,12169.65039,12169.65039,1004730000
40900,12169.87988,12328.46973,12140.16992,12287.04004,12287.04004,268820000
40907,12286.28027,12479.65039,12213.78027,12415.7002,12415.7002,552800000
40914,12407.4502,12514.69043,12332.41016,12471.01953,12471.01953,653040000
40921,12469.95996,12625.79981,12311.79004,12623.98047,12623.98047,612340000
40928,12623.83008,12841.9502,12580.12012,12734.62988,12734.62988,796660000
40935,12733.9502,12784.62012,12529.41016,12705.41016,12705.41016,720770000
40942,12705.04004,12924.70996,12704.95996,12890.45996,12890.45996,662360000
40949,12889.54981,12914,12743.55957,12904.08008,12904.08008,617920000
40956,12903.33008,13005.04004,12882.66992,12984.69043,12984.69043,644110000
40963,12981.2002,13055.75,12882.58984,12980.29981,12980.29981,669590000
40970,12980.75,12997.50977,12734.86035,12907.94043,12907.94043,623500000
40977,12908.62012,13253.50977,12906.42969,13252.75977,13252.75977,691630000
40984,13253.50977,13289.08008,13017.41992,13046.13965,13046.13965,918320000
40991,13045.99023,13264.98047,13002.76953,13145.82031,13145.82031,659080000
40998,13147.94043,13297.11035,13012.45996,13060.13965,13060.13965,638490000
41005,13057.57031,13057.71973,12710.55957,12986.58008,12986.58008,509860000
41012,12986.2002,13131.36035,12845.28027,12964.09961,12964.09961,630630000
41019,12964.48047,13227.82031,12845.58008,13204.62012,13204.62012,728390000
41026,13204.7002,13338.66016,13174.65039,13206.58984,13206.58984,564980000
41033,13204.62012,13205,12748.48047,12855.04004,12855.04004,661600000
41040,12851.79004,12918.00977,12440.51953,12442.49023,12442.49023,738180000
41047,12443.01953,12575.95996,12311.55957,12529.75,12529.75,795480000
41054,12530.74023,12611.61035,12316.48047,12393.4502,12393.4502,528480000
41061,12391.55957,12555.25977,12035.08984,12460.95996,12460.95996,669610000
41068,12460.80957,12698.67969,12398.44043,12651.91016,12651.91016,598650000
41075,12652.20996,12898.94043,12561.45996,12573.57031,12573.57031,786610000
41082,12574.82031,12674.08008,12450.16992,12602.25977,12602.25977,677170000
41089,12604.59961,12961.29981,12604.53027,12896.66992,12896.66992,462920000
41096,12889.40039,12889.40039,12492.25,12573.26953,12573.26953,582850000
41103,12573.73047,12977.57031,12573.04004,12943.36035,12943.36035,603750000
41110,12942.67969,12942.83008,12521.83984,12887.92969,12887.92969,741000000
41117,12888.91016,13128.63965,12778.90039,12878.87988,12878.87988,624770000
41124,12884.82031,13215.96973,12884.82031,13165.19043,13165.19043,461160000
41131,13163.15039,13269.34961,13094.95996,13250.11035,13250.11035,430330000
41138,13251.2002,13330.75977,13046.45996,13057.45996,13057.45996,563220000
41145,13052.82031,13176.16992,12978.91016,13000.70996,13000.70996,447240000
41152,13002.71973,13294.12988,12977.08984,13292,13292,444900000
41159,13289.53027,13573.33008,13251.38965,13539.86035,13539.86035,634230000
41166,13540.40039,13653.24023,13503,13596.92969,13596.92969,668020000
41173,13597.24023,13647.09961,13406.91016,13485.96973,13485.96973,926950000
41180,13485.88965,13598.25,13367.26953,13575.36035,13575.36035,554080000
41187,13569.17969,13661.87012,13326.12012,13326.38965,13326.38965,478180000
41194,13325.62012,13588.73047,13296.42969,13548.94043,13548.94043,606050000
41201,13545.33008,13545.49023,13017.37012,13103.67969,13103.67969,708440000
41208,13104.21973,13273.70996,13040.16992,13232.62012,13232.62012,413310000
41215,13232.62012,13290.75,12811.24023,12811.32031,12811.32031,641320000
41222,12811.16992,12898.25,12496.55957,12542.37988,12542.37988,627560000
41229,12542.30957,12845.99023,12471.49023,12836.88965,12836.88965,565480000
41236,12833.12988,13062.55957,12765.32031,13021.82031,13021.82031,537990000
41243,13022.04981,13089.11035,12923.44043,13074.04004,13074.04004,687340000
41250,13072.87012,13329.44043,13072.87012,13170.71973,13170.71973,595870000
41257,13170.79981,13365.86035,13118.45996,13311.71973,13311.71973,682340000
41264,13309.9502,13309.9502,12964.08008,13096.30957,13096.30957,640550000
41271,13095.08008,13430.59961,12883.88965,13391.36035,13391.36035,522780000
41278,13391.04981,13478.2002,13293.12988,13471.21973,13471.21973,606870000
41285,13471.4502,13633.88965,13439.96973,13596.01953,13596.01953,642380000
41292,13596.01953,13879.66016,13571.86035,13825.33008,13825.33008,634470000
41299,13825.33008,13969.99023,13825.33008,13860.58008,13860.58008,611900000
41306,13860.58008,14019.78027,13852.2002,13944.04981,13944.04981,639320000
41313,13944.04981,14038.96973,13921.94043,13973.38965,13973.38965,537450000
41320,13973.38965,14058.26953,13834.40039,13880.62012,13880.62012,602030000
41327,13880.62012,14149.15039,13784.00977,14054.49023,14054.49023,708780000
41334,14054.49023,14354.69043,13937.59961,14329.49023,14329.49023,582420000
41341,14329.49023,14539.29004,14329.49023,14539.13965,14539.13965,513920000
41348,14539.13965,14546.82031,14382.08984,14421.49023,14421.49023,881270000
41355,14421.49023,14585.09961,14395,14578.54004,14578.54004,568710000
41362,14578.54004,14684.49023,14525.36035,14606.11035,14606.11035,421750000
41369,14606.11035,14887.50977,14434.42969,14865.13965,14865.13965,631600000
41376,14865.13965,14865.20996,14495.29004,14537.13965,14537.13965,733630000
41383,14537.13965,14768.04981,14444.03027,14700.79981,14700.79981,759030000
41390,14700.79981,14844.95996,14684.82031,14831.58008,14831.58008,578020000
41397,14831.58008,15144.83008,14831.58008,15082.62012,15082.62012,564600000
41404,15082.62012,15302.49023,15038.17969,15233.21973,15233.21973,586970000
41411,15234.75,15542.40039,15180.23047,15294.5,15294.5,735800000
41418,15290.74023,15521.49023,15199.62988,15324.53027,15324.53027,471510000
41425,15322.21973,15392.37988,14844.21973,15040.62012,15040.62012,772900000
41432,15044.45996,15300.63965,14953.4502,15176.08008,15176.08008,543500000
41439,15178.08008,15340.08984,14732.03027,14758.32031,14758.32031,629900000
41446,14760.62012,15075.00977,14551.26953,15024.49023,15024.49023,961570000
41453,15016.58008,15083.28027,14858.92969,14988.37012,14988.37012,528180000
41460,14995.45996,15483.54981,14971.2002,15460.91992,15460.91992,570650000
41467,15460.69043,15589.40039,15410.26953,15548.54004,15548.54004,598050000
41474,15524.26953,15604.21973,15455.58984,15555.61035,15555.61035,711460000
41481,15547.84961,15650.69043,15405.16016,15628.01953,15628.01953,555830000
41488,15627.55957,15658.42969,15418.59961,15498.32031,15498.32031,448840000
41495,15496.62988,15507.75977,15094.03027,15112.19043,15112.19043,463400000
41502,15112.57031,15139.76953,14880.83984,14963.74023,14963.74023,617450000
41509,14988.78027,15049.98047,14760.41016,14840.9502,14840.9502,551080000
41516,14844.09961,14987.46973,14762.34961,14937.48047,14937.48047,501540000
41523,14941.54981,15345.32031,14789.40039,15300.63965,15300.63965,504120000
41530,15312.86035,15709.58008,15312.86035,15636.54981,15636.54981,562800000
41537,15635.08984,15654.76953,15253.16016,15328.29981,15328.29981,720940000
41544,15317.4502,15317.4502,14947.03027,14996.48047,14996.48047,477840000
41551,14994.67969,15126.07031,14719.42969,15126.07031,15126.07031,467140000
41558,15126.51953,15376.11035,15100.12988,15371.65039,15371.65039,459930000
41565,15371.70996,15528.62988,15321.80957,15509.20996,15509.20996,537220000
41572,15523.71973,15721,15512.95996,15545.75,15545.75,482480000
41579,15558.00977,15797.67969,15522.17969,15593.98047,15593.98047,477980000
41586,15591.54004,15884.99023,15579.34961,15876.21973,15876.21973,455630000
41593,15876.16016,16030.28027,15865.37012,16009.99023,16009.99023,469240000
41600,16008.70996,16120.25,15976.26953,16097.33008,16097.33008,348220000
41607,16105.16016,16174.50977,15791.29004,15821.50977,15821.50977,504950000
41614,15825.54981,16058.40039,15703.79004,15739.42969,15739.42969,482530000
41621,15745.66016,16194.71973,15717.91992,16179.08008,16179.08008,510740000
41628,16178.57031,16483,16178.57031,16479.88086,16479.88086,447920000
41635,16486.36914,16588.25,16416.49023,16441.34961,16441.34961,261170000
41642,16456.89063,16562.32031,16378.61035,16444.75977,16444.75977,430670000
41649,16453.61914,16505.2793,16240.59961,16417.00977,16417.00977,483980000
41656,16408.01953,16520.59961,16140.58008,16197.34961,16197.34961,484550000
41663,16203.29004,16203.29004,15708.98047,15848.61035,15848.61035,559790000
41670,15847.19043,15847.19043,15340.69043,15628.53027,15628.53027,624360000
41677,15630.63965,16039.37012,15625.53027,16027.58984,16027.58984,462600000
41684,16018.08008,16225.71973,15985.38965,16133.23047,16133.23047,333590000
41691,16135.91992,16300.04004,16093.79981,16272.65039,16272.65039,662250000
41698,16273.23047,16450.16992,16071.25,16421.89063,16421.89063,460870000
41705,16424.5293,16505.69922,16084.09961,16108.88965,16108.88965,391110000
41712,16106.32031,16369.94043,16046.99023,16331.04981,16331.04981,435370000
41719,16332.69043,16466.03906,16191.79004,16264.23047,16264.23047,739820000
41726,16267.76953,16604.15039,16267.76953,16572.55078,16572.55078,434230000
41733,16576.01953,16631.63086,16153.33984,16170.21973,16170.21973,523500000
41740,16168.87012,16460.49023,16015.32031,16408.53906,16408.53906,538260000
41747,16408.91992,16565.71094,16402.08008,16501.65039,16501.65039,321500000
41754,16503.25977,16604.78906,16312.66016,16558.86914,16558.86914,435980000
41761,16562.33984,16622.94922,16357.34961,16550.9707,16550.9707,393060000
41768,16551.23047,16735.50977,16397.46094,16446.81055,16446.81055,396450000
41775,16447.32031,16565.39063,16341.29981,16543.08008,16543.08008,412640000
41782,16544.49023,16698.74023,16544.49023,16698.74023,16698.74023,260190000
41789,16697.33008,16845.81055,16648.84961,16836.10938,16836.10938,366610000
41796,16839.64063,16970.16992,16703.73047,16734.18945,16734.18945,346640000
41803,16734.64063,16923.42969,16718.59961,16921.46094,16921.46094,390590000
41810,16920.61914,16978.01953,16746.08984,16846.13086,16846.13086,528780000
41817,16846.90039,17074.65039,16773.83984,17068.25977,17068.25977,426740000
41824,17063.83008,17063.83008,16805.38086,16915.07031,16915.07031,271360000
41831,16918.31055,17151.56055,16860.30078,16976.81055,16976.81055,434040000
41838,16978.16016,17133.42969,16974.33984,17083.80078,17083.80078,397910000
41845,17079.5,17082.33008,16563.30078,16563.30078,16563.30078,388880000
41852,16561.69922,16596.2207,16333.78027,16368.26953,16368.26953,396780000
41859,16369.67969,16714.2207,16364.21973,16713.58008,16713.58008,339140000
41866,16717.00977,17074.58984,16575.41992,17039.49023,17039.49023,379190000
41873,17038.26953,17153.80078,16984.51953,17079.57031,17079.57031,285990000
41880,17083.41992,17161.55078,17009.07031,17069.58008,17069.58008,277210000
41887,17065.89063,17137.88086,16974.57031,17049,17049,351730000
41894,17044.05078,17275.36914,16937.66992,17265.99023,17265.99023,400870000
41901,17267.21094,17350.64063,16945.80078,16945.80078,16945.80078,675060000
41908,16948.61914,17148.15039,16674.03906,16801.05078,16801.05078,426910000
41915,16802.19922,17099.39063,16649.03906,16659.25,16659.25,1022950000
41922,16654.88086,16757.59961,15855.12012,16117.24023,16117.24023,646660000
41929,16118.38965,16767.51953,16118.38965,16677.90039,16677.90039,528810000
41936,16677.03906,17223.96094,16649.7207,17195.41992,17195.41992,403480000
41943,17208.7793,17560.31055,17208.7793,17554.4707,17554.4707,429730000
41950,17558.58008,17705.48047,17493.36914,17652.78906,17652.78906,363690000
41957,17653.10938,17735.71094,17603.89063,17719,17719,382120000
41964,17721.01953,17894.83008,17721.01953,17827.75,17827.75,382090000
41971,17830.55078,17937.96094,17726.55078,17900.09961,17900.09961,424500000
41978,17903.05078,17991.18945,17508.09961,17596.33984,17596.33984,473390000
41985,17590.05078,17778.40039,17067.58984,17778.15039,17778.15039,594800000
41992,17778.01953,18086.24023,17746.55078,18030.21094,18030.21094,567910000
41999,18038.30078,18103.44922,17820.88086,17823.07031,17823.07031,236770000
42006,17823.07031,17951.7793,17262.36914,17907.86914,17907.86914,500220000
42013,17911.01953,17923.00977,17264.90039,17320.71094,17320.71094,488950000
42020,17320,17840.89063,17243.55078,17813.98047,17813.98047,467590000
42027,17812.5,17812.5,17136.30078,17416.84961,17416.84961,547940000
42034,17416.84961,17889.58008,17037.75977,17884.88086,17884.88086,571960000
42041,17881.53906,17975.65039,17685.32031,17972.38086,17972.38086,472180000
42048,17968.65039,18052.00977,17924.59961,17985.76953,17985.76953,338210000
42055,17985.76953,18244.38086,17878.36914,18214.41992,18214.41992,436350000
42062,18213.25977,18288.63086,18029.5,18135.7207,18135.7207,431470000
42069,18135.7207,18135.7207,17620.49023,17895.2207,17895.2207,533290000
42076,17889.05078,18097.11914,17629.89063,17959.0293,17959.0293,536710000
42083,17961.13086,18205.92969,17579.26953,17678.23047,17678.23047,743390000
42090,17673.63086,18008.64063,17585.00977,17763.24023,17763.24023,517460000
42097,17755.5,17984.2207,17646.80078,17958.73047,17958.73047,336560000
42104,17956.73047,18169.25977,17905.48047,18105.76953,18105.76953,522460000
42111,18102.56055,18133.0293,17748.5293,18058.68945,18058.68945,528700000
42118,18056.41992,18175.56055,17774.89063,17840.51953,17840.51953,596430000
42125,17859.26953,18133.75977,17733.11914,17924.06055,17924.06055,454400000
42132,17933.64063,18255.21094,17924.80078,18252.24023,18252.24023,447040000
42139,18251.9707,18351.35938,18215.07031,18285.74023,18285.74023,438960000
42146,18286.86914,18286.86914,17990.01953,18126.11914,18126.11914,352240000
42153,18128.11914,18168.08984,17876.94922,17905.58008,17905.58008,469590000
42160,17905.38086,18109.76953,17714.9707,18039.36914,18039.36914,452460000
42167,18035.83008,18174.73047,17698.41992,18115.83984,18115.83984,440060000
42174,18116.24023,18188.81055,17890.35938,17890.35938,17890.35938,596020000
42181,17892.0293,18013.15039,17576.5,17730.10938,17730.10938,571010000
42188,17728.08008,17793.44922,17465.67969,17548.61914,17548.61914,366320000
42195,17561.11914,18131.60938,17561.11914,18120.25,18120.25,414410000
42202,18117.58008,18137.11914,17705.0293,17731.91992,17731.91992,482710000
42209,17731.05078,17776.7793,17399.16992,17745.98047,17745.98047,494570000
42216,17755.86914,17783.58984,17362.85938,17419.75,17419.75,491680000
42223,17414.93945,17629.13086,17125.81055,17408.25,17408.25,486190000
42230,17410.11914,17568.40039,16990.68945,16990.68945,16990.68945,468650000
42237,16990.68945,16990.68945,15370.33008,16654.76953,16654.76953,1112710000
42244,16649.41992,16669.9707,15979.9502,16374.75977,16374.75977,687830000
42251,16371.75977,16664.65039,16026.61035,16330.40039,16330.40039,492620000
42258,16330.40039,16933.42969,16244.65039,16674.74023,16674.74023,519560000
42265,16674.74023,16674.74023,16016.36035,16201.32031,16201.32031,759680000
42272,16205.07031,16465.23047,15942.37012,16272.00977,16272.00977,649040000
42279,16258.25,17081.2793,16013.66016,17050.75,17050.75,600960000
42286,17054.68945,17172.81055,16887.66992,17141.75,17141.75,518700000
42293,17141.75,17505.17969,17107.34961,17489.16016,17489.16016,630500000
42300,17525.10938,17786,17525.10938,17755.80078,17755.80078,594640000
42307,17756.59961,17977.84961,17655.01953,17863.42969,17863.42969,541180000
42314,17855.2207,17912.03906,17443.5,17448.07031,17448.07031,546190000
42321,17439.25,17772.9707,17210.42969,17732.75,17732.75,660860000
42328,17732.75,17914.33984,17683.50977,17813.39063,17813.39063,497530000
42335,17806.03906,17901.58008,17425.56055,17477.66992,17477.66992,571830000
42342,17482.67969,17866.4707,17403.50977,17574.75,17574.75,580370000
42349,17574.75,17796.75977,17138.4707,17495.83984,17495.83984,640050000
42356,17495.03906,17607.91992,17116.73047,17552.16992,17552.16992,684210000
42363,17535.66016,17750.01953,17421.16016,17425.0293,17425.0293,283080000
42370,17405.48047,17405.48047,16463.63086,16514.09961,16514.09961,550300000
42377,16519.16992,16651.89063,16075.12012,16379.04981,16379.04981,699480000
42384,16354.33008,16354.33008,15450.55957,15882.67969,15882.67969,720580000
42391,15921.09961,16235.03027,15863.71973,16069.63965,16069.63965,655780000
42398,16090.25977,16510.98047,15960.4502,16416.58008,16416.58008,731960000
42405,16417.94922,16423.63086,15503.00977,15660.17969,15660.17969,726990000
42412,15691.62012,16511.83984,15691.62012,16413.42969,16413.42969,503610000
42419,16410.96094,16697.98047,16165.86035,16697.28906,16697.28906,522490000
42426,16712.69922,16944.31055,16510.40039,16943.90039,16943.90039,525330000
42433,16945,17130.10938,16821.85938,16995.13086,16995.13086,549840000
42440,17014.99023,17529.00977,17014.99023,17481.49023,17481.49023,549300000
42447,17481.49023,17648.93945,17399.00977,17515.73047,17515.73047,669430000
42454,17526.08008,17790.10938,17434.26953,17685.08984,17685.08984,338550000
42461,17661.74023,17811.48047,17484.23047,17541.96094,17541.96094,494880000
42468,17555.39063,17962.14063,17528.16016,17926.42969,17926.42969,444330000
42475,17925.94922,18167.63086,17848.2207,17982.51953,17982.51953,500300000
42482,17985.05078,18084.66016,17796.55078,17830.75977,17830.75977,520470000
42489,17813.08984,17912.34961,17609.00977,17660.71094,17660.71094,490380000
42496,17650.30078,17934.60938,17580.38086,17720.5,17720.5,417350000
42503,17711.11914,17755.80078,17331.07031,17435.40039,17435.40039,452990000
42510,17437.32031,17891.71094,17437.32031,17828.28906,17828.28906,434380000
42517,17826.84961,17899.24023,17664.78906,17838.56055,17838.56055,374670000
42524,17799.80078,18016,17689.67969,17985.18945,17985.18945,373840000
42531,17938.82031,17938.82031,17471.28906,17733.09961,17733.09961,472050000
42538,17733.43945,18011.07031,17602.7793,18011.07031,18011.07031,620700000
42545,17946.63086,17946.63086,17063.08008,17929.99023,17929.99023,729340000
42552,17924.24023,18002.38086,17713.44922,17895.88086,17895.88086,360380000
42559,17971.2207,18537.57031,17971.2207,18506.41016,18506.41016,432480000
42566,18508.88086,18622.00977,18469.66992,18517.23047,18517.23047,465100000
42573,18524.15039,18571.30078,18368.82031,18456.34961,18456.34961,447010000
42580,18442.51953,18467.0293,18247.78906,18352.05078,18352.05078,427750000
42587,18402.80078,18638.33984,18402.80078,18613.51953,18613.51953,358570000
42594,18595.65039,18722.60938,18468.67969,18597.69922,18597.69922,333240000
42601,18585.16992,18631.59961,18431.46094,18448.41016,18448.41016,377360000
42608,18467.91992,18572.08984,18295.48047,18419.30078,18419.30078,385160000
42615,18466.00977,18551.53906,18439.09961,18479.91016,18479.91016,304690000
42622,18404.16992,18404.16992,17992.21094,18212.48047,18212.48047,529670000
42629,18217.21094,18449.88086,18070.21094,18392.46094,18392.46094,596170000
42636,18377.35938,18383.75977,18052.16016,18143.44922,18143.44922,460340000
42643,18181.80078,18369.61914,18116.25977,18268.5,18268.5,438550000
42650,18295.34961,18399.96094,17959.94922,18098.93945,18098.93945,398790000
42657,18177.34961,18261.10938,18063.01953,18162.34961,18162.34961,414480000
42664,18152.63086,18275.03906,18049.76953,18169.67969,18169.67969,459410000
42671,18193.78906,18257.06055,17904.07031,17930.66992,17930.66992,485680000
42678,17928.34961,18873.66016,17883.56055,18807.88086,18807.88086,608530000
42685,18781.65039,18934.05078,18736.96094,18903.82031,18903.82031,497470000
42692,18905.33008,19083.75977,18853.83008,19083.17969,19083.17969,353590000
42699,19093.7207,19225.28906,19062.2207,19191.92969,19191.92969,489230000
42706,19161.25,19664.9707,19141.17969,19614.81055,19614.81055,1397450000
42713,19631.34961,19966.42969,19623.18945,19852.24023,19852.24023,1822330000
42720,19909.00977,19987.63086,19821,19918.88086,19918.88086,1674790000
42727,19908.60938,19981.10938,19788.93945,19819.7793,19819.7793,677190000
42734,19833.16992,19956.14063,19718.66992,19899.28906,19899.28906,1161020000
42741,19906.96094,19999.63086,19770.4707,19891,19891,1507060000
42748,19912.53906,19952.0293,19677.93945,19732.40039,19732.40039,1187190000
42755,19795.06055,20125.58008,19732.35938,20100.91016,20100.91016,1865380000
42762,20103.35938,20115.9707,19784.76953,19884.91016,19884.91016,1808050000
42769,19964.21094,20206.35938,19964.21094,20172.40039,20172.40039,1511330000
42776,20211.23047,20639.86914,20204.75977,20619.76953,20619.76953,1721930000
42783,20564.13086,20840.69922,20532.60938,20810.32031,20810.32031,1290140000
42790,20751.91016,21169.10938,20733.94922,21002.9707,21002.9707,1601020000
42797,21008.75,21039.96094,20777.16016,20858.18945,20858.18945,1368410000
42804,20919.00977,21000.10938,20786.31055,20934.55078,20934.55078,1422460000
42811,20965.36914,20980.50977,20578.94922,20656.58008,20656.58008,1763350000
42818,20674.44922,20753.7793,20412.80078,20728.49023,20728.49023,1371250000
42825,20700.33984,20887.5,20517.82031,20662.94922,20662.94922,1363530000
42832,20647.81055,20750.33008,20453.25,20453.25,20453.25,1208810000
42839,20484.75,20644.41016,20379.55078,20578.71094,20578.71094,1099650000
42846,20578.09961,21070.90039,20505.33008,20981.33008,20981.33008,1694420000
42853,20987.39063,20990.78906,20847.94922,20951.4707,20951.4707,1542600000
42860,20929.03906,21046.84961,20798.90039,20919.41992,20919.41992,1381130000
42867,20893.18945,21033.5293,20553.44922,20663.01953,20663.01953,1759040000
42874,20698.2793,21112.32031,20687.93945,21082.94922,21082.94922,1438400000
42881,21070.15039,21144.17969,20942.57031,21144.17969,21144.17969,1099120000
42888,21142.08984,21265.68945,21113.31055,21182.5293,21182.5293,1486770000
42895,21208.96094,21391.9707,21159.44922,21359.90039,21359.90039,1861080000
42902,21335.92969,21535.0293,21308.00977,21397.28906,21397.28906,1766040000
42909,21380.91992,21506.21094,21197.08008,21287.0293,21287.0293,1510710000
42916,21348.59961,21562.75,21305.38086,21320.03906,21320.03906,1094210000
42923,21354.66016,21580.78906,21279.30078,21553.08984,21553.08984,1260290000
42930,21532.76953,21681.5293,21471.14063,21611.7793,21611.7793,1298470000
42937,21591.7207,21798.4707,21496.13086,21796.55078,21796.55078,1636770000
42944,21787.50977,22044.84961,21756.11914,22026.09961,22026.09961,1537200000
42951,22058.39063,22179.10938,21843.93945,21844.00977,21844.00977,1309760000
42958,21883.32031,22085.71094,21750.32031,21750.73047,21750.73047,1317840000
42965,21724.88086,21912.83008,21600.33984,21783.40039,21783.40039,1295220000
42972,21819.08008,21985.75977,21673.58008,21948.09961,21948.09961,1283280000
42979,21981.76953,22038.9707,21709.63086,21784.7793,21784.7793,1241650000
42986,21764.42969,22216.43945,21731.11914,22203.48047,22203.48047,1556420000
42993,22252.43945,22419.50977,22214.51953,22359.23047,22359.23047,1747800000
43000,22334.07031,22394.74023,22219.10938,22381.19922,22381.19922,1521470000
43007,22358.4707,22777.03906,22332.96094,22775.39063,22775.39063,1264280000
43014,22762.0293,22884.82031,22730.84961,22841.00977,22841.00977,1459280000
43021,22876.42969,23172.92969,22855.92969,23163.03906,23163.03906,1402100000
43028,23205.17969,23485.25,23201.7793,23400.85938,23400.85938,2108220000
43035,23419.16016,23531.38086,23327.86914,23516.25977,23516.25977,2053120000
43042,23549.58984,23602.11914,23310.01953,23461.93945,23461.93945,1492630000
43049,23432.71094,23492.18945,23242.75,23458.35938,23458.35938,2210190000
43056,23433.76953,23617.80078,23356.00977,23526.17969,23526.17969,1299740000
43063,23552.75,24327.82031,23545.01953,24272.34961,24272.34961,1623780000
43070,24305.40039,24534.03906,23921.90039,24211.48047,24211.48047,1845130000
43077,24263.25977,24672.48047,24225.5,24508.66016,24508.66016,1576450000
43084,24585.71094,24876.07031,24584.43945,24782.28906,24782.28906,2007270000
43091,24764.03906,24839.23047,24708.41992,24837.50977,24837.50977,890280000
43098,24849.63086,25105.96094,24719.2207,25075.13086,25075.13086,1471960000
43105,25114.91992,25575.41992,25112.00977,25574.73047,25574.73047,1721200000
43112,25638.39063,26153.41992,25633.08008,26017.81055,26017.81055,1998410000
43119,25987.34961,26458.25,25942.83008,26392.78906,26392.78906,2369870000
43126,26466.74023,26616.71094,26014.43945,26186.71094,26186.71094,2236860000
43133,26061.78906,26061.78906,23778.74023,23860.46094,23860.46094,3223390000
43140,23992.66992,25203.94922,23360.28906,25200.36914,25200.36914,2453990000
43147,25165.93945,25432.41992,24792.99023,24962.48047,24962.48047,1663210000
43154,25050.50977,25800.34961,24442.56055,24608.98047,24608.98047,2205320000
43161,24394.91016,24995.24023,24217.75977,24895.21094,24895.21094,1874180000
43168,25004.89063,25449.15039,24668.83008,24873.66016,24873.66016,1855170000
43175,24877.33984,25031,23938.74023,23957.89063,23957.89063,2157250000
43182,23995.17969,24446.2207,23509.06055,24103.10938,24103.10938,2480160000
43189,24076.59961,24622.25977,23344.51953,24505.2207,24505.2207,1640280000
43196,24373.59961,24592.11914,23738.19922,24483.05078,24483.05078,1767860000
43203,24582.82031,24858.9707,24243.74023,24664.89063,24664.89063,1662510000
43210,24657.39063,24678.07031,23823.08008,24322.33984,24322.33984,2184440000
43217,24342.14063,24498.23047,23531.31055,23930.15039,23930.15039,1964120000
43224,23865.2207,24794.99023,23778.86914,24739.5293,24739.5293,1647880000
43231,24758.64063,24994.18945,24629.39063,24713.98047,24713.98047,1454370000
43238,24707.7207,25086.49023,24605.90039,24811.75977,24811.75977,1613480000
43245,24781.28906,24824.2207,24247.83984,24415.83984,24415.83984,1407630000
43252,24542.08984,25326.08984,24542.08984,25241.41016,25241.41016,1636220000
43259,25209.28906,25402.83008,25138.59961,25175.31055,25175.31055,1530870000
43266,25116.71094,25130.82031,24406.63086,24461.69922,24461.69922,2081910000
43273,24526.9707,24663.17969,23997.21094,24216.05078,24216.05078,1833040000
43280,24323.92969,24509.51953,24077.56055,24356.74023,24356.74023,971810000
43287,24352.4707,24945.38086,24281.4707,24924.89063,24924.89063,1165590000
43294,24926.07031,25215.32031,24890.06055,25064.5,25064.5,1275870000
43301,25041.14063,25587.24023,24983.33008,25527.07031,25527.07031,1349040000
43308,25520.51953,25580.2207,25120.07031,25326.16016,25326.16016,1598840000
43315,25360.36914,25692.7207,25325.16992,25509.23047,25509.23047,1150660000
43322,25401.18945,25607.33984,24965.76953,25558.73047,25558.73047,1311920000
43329,25550.80078,25888.82031,25521.66016,25656.98047,25656.98047,1188100000
43336,25688.58008,26167.93945,25688.58008,25986.91992,25986.91992,1087710000
43343,25964.84961,26073.67969,25805.94922,25995.86914,25995.86914,1079630000
43350,25951.01953,26191.64063,25754.32031,26145.99023,26145.99023,1343050000
43357,26169.56055,26697.49023,26030.34961,26656.98047,26656.98047,1213680000
43364,26726.25,26769.16016,26349.33984,26439.92969,26439.92969,1635550000
43371,26407.66016,26951.81055,26383.57031,26627.48047,26627.48047,1330370000
43378,26632.76953,26676.16016,24899.76953,25052.83008,25052.83008,1783760000
43385,25407.63086,25817.67969,25000.83008,25379.44922,25379.44922,1616860000
43392,25421.08984,25608.71094,24533.18945,24984.55078,24984.55078,2038250000
43399,24770.25,25396.4707,24122.23047,25380.74023,25380.74023,2252110000
43406,25443.59961,26277.82031,25078.7207,26191.2207,26191.2207,1687100000
43413,26149.10938,26161.49023,24787.78906,25289.26953,25289.26953,1788040000
43420,25242.34961,25510.23047,24368.98047,24464.68945,24464.68945,1447840000
43427,24336.40039,25479.03906,24268.74023,25338.83984,25338.83984,1437740000
43434,25307.14063,25980.21094,24242.2207,24947.66992,24947.66992,1761320000
43441,24918.82031,25095.61914,23881.36914,24597.38086,24597.38086,1775180000
43448,24408.03906,24431.14063,22644.31055,22859.59961,22859.59961,2372000000
43455,22871.74023,23254.58984,21712.5293,23138.82031,23138.82031,2049950000
43462,23213.60938,23413.4707,22638.41016,22686.2207,22686.2207,1371150000
43469,22894.91992,24084.71094,22894.91992,24001.91992,24001.91992,1710360000
43476,23940.00977,24474.46094,23765.24023,24370.09961,24370.09961,1423200000
43483,24534.18945,24750.2207,24244.31055,24553.24023,24553.24023,1350220000
43490,24687.21094,25109.61914,24323.93945,24999.66992,24999.66992,1959610000
43497,25025.31055,25439.03906,24977.66992,25169.5293,25169.5293,1524330000
43504,25042.35938,25625.94922,24883.03906,25439.39063,25439.39063,1344360000
43511,25564.63086,25986.19922,25564.63086,25850.63086,25850.63086,1152740000
43518,25906.26953,26241.41992,25877.24023,25916,25916,1413110000
43525,26019.66992,26155.98047,25352.55078,25473.23047,25473.23047,1383050000
43532,25347.38086,25776.49023,25208,25709.93945,25709.93945,1532220000
43539,25720.96094,26109.67969,25649.69922,25962.50977,25962.50977,2015920000
43546,25844.65039,25877.00977,25372.25977,25717.46094,25717.46094,1502250000
43553,25827.31055,26398.90039,25771.66992,26384.63086,26384.63086,1352150000
43560,26427.56055,26487.57031,26062.58984,26143.05078,26143.05078,1118150000
43567,26357.78906,26602.41992,26309.7207,26559.53906,26559.53906,1623500000
43574,26510.76953,26695.96094,26310.2793,26462.08008,26462.08008,1124360000
43581,26454.61914,26689.39063,26180.35938,26307.78906,26307.78906,1528520000
43588,26379.14063,26534.96094,25517.39063,25828.35938,25828.35938,1478060000
43595,25763.7207,26019.32031,25222.50977,25862.67969,25862.67969,1539070000
43602,25719.94922,25948.74023,25328.08984,25490.4707,25490.4707,1382890000
43609,25551.07031,25717.63086,24938.24023,25169.88086,25169.88086,1074520000
43616,25046.31055,25800.30078,24680.57031,25720.66016,25720.66016,1412890000
43623,25768.7207,26248.66992,25768.7207,26106.76953,26106.76953,1202870000
43630,26076.35938,26798.63086,25988.08984,26753.16992,26753.16992,1200130000
43637,26749.11914,26907.36914,26465.32031,26526.58008,26526.58008,1521380000
43644,26605.92969,26966,26522.26953,26966,26966,1136130000
43651,26867.75,27088.44922,26665.57031,27088.08008,27088.08008,1085080000
43658,27139.49023,27398.67969,27068.78906,27222.9707,27222.9707,1084120000
43665,27246.38086,27368.81055,27062.48047,27140.98047,27140.98047,1238590000
43672,27166,27281.65039,26548.71094,26583.41992,26583.41992,1549220000
43679,26528.66016,26570.01953,25440.39063,26378.18945,26378.18945,1695360000
43686,26337.08984,26426.9707,25339.59961,25579.39063,25579.39063,1433400000
43693,25678.16992,26388.7793,25678.16992,26252.24023,26252.24023,1198550000
43700,26134.21094,26408.83984,25507.17969,26362.25,26362.25,1266290000
43707,26476.39063,26836.30078,25978.2207,26728.15039,26728.15039,2873400000
43714,26790.25,27306.73047,26708.39063,27182.44922,27182.44922,1327760000
43721,27216.66992,27277.55078,26899.15039,27094.78906,27094.78906,1124680000
43728,27102.17969,27194.75,26704.96094,26891.11914,26891.11914,1470030000
43735,26987.25977,27046.21094,25743.46094,26201.03906,26201.03906,1251820000
43742,26271.69922,26655.83984,26139.80078,26496.66992,26496.66992,1068840000
43749,26694.19922,27120.10938,26694.19922,27025.88086,27025.88086,1143410000
43756,27004.49023,27018.25,26714.33984,26805.5293,26805.5293,1296780000
43763,26789.60938,27204.35938,26765.67969,27046.23047,27046.23047,1340570000
43770,27142.94922,27774.66992,27142.94922,27674.80078,27674.80078,1327180000
43777,27686.19922,27806.40039,27517.66992,27781.96094,27781.96094,1219820000
43784,27843.53906,28090.21094,27675.2793,27766.28906,27766.28906,1272090000
43791,27831.23047,28174.9707,27773.98047,28164,28164,985460000
43798,28103.16016,28119.50977,27325.13086,27677.78906,27677.78906,1059390000
43805,27839.67969,28224.94922,27801.80078,28132.05078,28132.05078,1144810000
43812,28123.64063,28381.48047,28028.32031,28376.96094,28376.96094,1376660000
43819,28608.64063,28624.09961,28445.59961,28621.39063,28621.39063,1069430000
43826,28675.33984,28872.80078,28376.49023,28868.80078,28868.80078,809040000
43833,28553.33008,28988.00977,28418.63086,28956.90039,28956.90039,1318060000
43840,28977.51953,29300.32031,28789.09961,29297.64063,29297.64063,1287480000
43847,29313.31055,29373.61914,28966.98047,29160.08984,29160.08984,1232960000
43854,29230.39063,29288.78906,28440.4707,28859.43945,28859.43945,1676560000
43861,28813.03906,29408.05078,28169.5293,29379.76953,29379.76953,1665790000
43868,29286.91992,29568.57031,28995.66016,29423.31055,29423.31055,1383590000
43875,29440.4707,29463.03906,28959.65039,29219.98047,29219.98047,1016020000
43882,29146.5293,29146.5293,25752.82031,25766.64063,25766.64063,2414490000
43889,25270.83008,27102.33984,24681.00977,26121.2793,26121.2793,3135230000
43896,25457.21094,25994.38086,21154.46094,21200.61914,21200.61914,3577290000
43903,21973.82031,23189.75977,18917.46094,20087.18945,20087.18945,4057930000
43910,20253.15039,22595.06055,18213.65039,22552.16992,22552.16992,3961100000
43917,21898.4707,22480.36914,20735.01953,21413.43945,21413.43945,2741800000
43924,21285.92969,24008.99023,20863.08984,23719.36914,23719.36914,2694570000
43931,23698.92969,24040.58008,23095.34961,23537.67969,23537.67969,1788910000
43938,23817.15039,24264.21094,22941.88086,23515.25977,23515.25977,2176670000
43945,23628.24023,24764.76953,23417.67969,24345.7207,24345.7207,2108790000
43952,24120.7793,24169.7207,23361.16016,23875.89063,23875.89063,1890570000
43959,24107.82031,24382.08984,22789.61914,23625.33984,23625.33984,1990290000
43966,23454.83008,24718.46094,23354.15039,24474.11914,24474.11914,2063080000
43973,24461.98047,25758.78906,24294.07031,25400.64063,25400.64063,1469070000
43980,25324.15039,26384.09961,25031.66992,26281.82031,26281.82031,1989520000
43987,26836.80078,27580.21094,25082.7207,25128.16992,25128.16992,2450650000
43994,25659.41992,26611.0293,24843.17969,26080.09961,26080.09961,2122390000
44001,26213.09961,26451.43945,25209.78906,25745.59961,25745.59961,2245830000
44008,25641.68945,26204.41016,24971.0293,25827.35938,25827.35938,2152020000
44015,25996.08008,26297.5293,25523.50977,25706.08984,25706.08984,1412420000
44022,25690.34961,27071.33008,25637.5,26734.71094,26734.71094,1837360000
44029,26774.61914,27035.24023,26504.19922,26652.33008,26652.33008,1794920000
44036,26533.41016,26625.69922,25992.2793,26313.65039,26313.65039,1955310000
44043,26409.33008,27394.09961,26013.58984,27386.98047,27386.98047,1962240000
44050,27321.67969,28154.88086,27223.55078,27896.7207,27896.7207,1810100000
44057,27828.92969,27999.81055,27526.25,27739.73047,27739.73047,1454580000
44064,27758.13086,28634.2207,27686.7793,28492.26953,28492.26953,1826430000
44071,28601.28906,29199.34961,28074.75977,28292.73047,28292.73047,2500060000
44078,28341.05078,28539.75,27447.08008,27534.58008,27534.58008,2178940000
44085,27613.85938,28364.76953,27448.15039,27901.98047,27901.98047,2084480000
44092,27864.86914,27946.68945,26537.00977,26815.43945,26815.43945,2550370000
44099,26694.50977,28041.46094,26635.38086,27816.90039,27816.90039,1920580000
44106,27536.39063,28459.13086,27382.93945,28425.50977,28425.50977,1789510000
44113,28533.60938,28957.90039,28181.53906,28494.19922,28494.19922,2043580000
44120,28570.7207,28842.90039,28040.17969,28363.66016,28363.66016,1694800000
44127,28409.65039,28436.51953,26290.7793,26659.10938,26659.10938,2033770000
44134,26572.26953,26639.17969,26143.76953,26501.59961,26501.59961,504820000
44134,26572.26953,26639.17969,26143.76953,26501.59961,26501.59961,506321825
